Date,Site,Plot,Week,Treatment,Lat,Long,Time,time_decimal,Organic depth_cm,Tot_veg_pct,AW_litter_pct,BW_litter_pct,Water_depth_cm,Water_Temp_C,DO_mg_L,pH,ORP_mV,Veg_richness,Veg_H,Veg_simp,Inv_richness,Inv_H,Inv_simp,Inv_abun,Inv_biomass_mg,ty_biomass,typgla,hydmor,Collector,Shredder,Piercer,Scraper,Predator,floating,submerged,emergent,sedge-grass,Acentria,Anax,Araneae,Baetid,Banksiola,Belostoma,Bezzia,Bittacomorpha,Caecidotea,Caenis,Chironomus,Cordulia,Crangonyx,Culex,Dixella,Eloeophila,Enallagma,Epitheca,Fabria,Haliplus,Hesperocorixa,Hirudinea,Holocentropus,Hydrachnidia,Ischnura,Leuchorrinia,Limnephilus,Mansonia/Coquillettidia,Mesovelia,Neocloeon,Neoplea,Neoscutopterus,Notonecta,Oecetis,Oligochaeta,Paraponyx,Ranatra,Snail_spiral,Snail_cone,Snail_other,Sympetrum,Stratiomys,Trepobates,bidbec,calcan,caraqu,carlac,carstr,cerdem,elocan,equflu,latpal,lemmin,lemtri,myrsib,nymodo,nupvar,peramp,phaaru,phraus,potnat,potgra,potone,pottwo,potthr,ricciocarpus,ricflu,schacu,spipol,utrmin,utrvul,valame,Typha heights,Half or Whole Plot,HC_1,HC_2,HC_3,HC_4,HC_5,HC_6,HC_7,HC_8,HC_9,HC_10,HC_11,HC_12,HC_13,HC_14,HC_15,HC_16,HC_17,HC_18,HC_19,HC_20,HC_21,HC_22,HC_23,HC_24,HC_25,HC_26,HC_27,HC_28,HC_29,HC_30,HC_31,HC_32,HC_33,HC_34,HC_35,HC_36,HC_37,HC_38,HC_39,HC_40,HC_41,HC_42,HC_43,HC_44,HC_45,HC_46,HC_47,HC_48,HC_49,HC_50,HC_51,HC_52,HC_53,HC_54,HC_55,HC_56,HC_57,HC_58,HC_59,HC_60,HC_61,HC_62,HC_63,HC_64,HC_65,HC_66,HC_67,HC_68,HC_69,HC_70,HC_71,HC_72,HC_73,HC_74,HC_75
27-Jul-20,Munuscong,MEAD1,W1,meadow,46.20730095,-84.25331825,10:54,10.9,12,35,1,70,59,23.3,4.28,7.6,-20.2,7,1.479916531,0.725694444,10,2.077920769,0.856718193,58,71.39713864,0,0,0,0.24137931,0.396551724,0.068965517,0.24137931,0.051724138,0.5,11.5,0,24,1,NA,NA,NA,NA,NA,NA,9,14,NA,4,NA,8,NA,NA,NA,NA,NA,NA,NA,4,3,1,NA,NA,NA,NA,NA,NA,NA,NA,NA,NA,NA,NA,NA,NA,7,7,NA,NA,NA,NA,NA,1,NA,8,15,4,7,NA,NA,NA,NA,NA,NA,NA,NA,NA,NA,0.5,0.5,NA,NA,NA,NA,NA,NA,NA,NA,NA,NA,NA,NA,NA,NA,NA,NA,NA,NA,NA,NA,NA,NA,NA,NA,NA,NA,NA,NA,NA,NA,NA,NA,NA,NA,NA,NA,NA,NA,NA,NA,NA,NA,NA,NA,NA,NA,NA,NA,NA,NA,NA,NA,NA,NA,NA,NA,NA,NA,NA,NA,NA,NA,NA,NA,NA,NA,NA,NA,NA,NA,NA,NA,NA,NA,NA,NA,NA,NA,NA,NA,NA,NA,NA,NA,NA,NA,NA
10-Sep-20,Munuscong,MEAD1,W2,meadow,46.20730095,-84.25331825,11:20,11.33,NA,27,2,70,45,14.2,1.96,7.57,8.3,7,1.292840625,0.655586334,12,2.180359137,0.844387755,28,26.06387172,0,0,0,0.107142857,0.214285714,0.071428571,0.035714286,0.571428571,0,4,0,24.5,NA,NA,1,NA,NA,NA,NA,2,2,NA,1,NA,4,NA,NA,NA,9,NA,NA,NA,2,2,NA,NA,2,1,NA,NA,NA,NA,NA,NA,1,NA,NA,NA,NA,1,NA,NA,NA,NA,NA,NA,1,NA,10,13,0.5,3,NA,NA,NA,NA,NA,NA,NA,NA,0.5,NA,NA,0.5,NA,NA,NA,NA,NA,NA,NA,NA,NA,NA,NA,NA,NA,NA,NA,NA,NA,NA,NA,NA,NA,NA,NA,NA,NA,NA,NA,NA,NA,NA,NA,NA,NA,NA,NA,NA,NA,NA,NA,NA,NA,NA,NA,NA,NA,NA,NA,NA,NA,NA,NA,NA,NA,NA,NA,NA,NA,NA,NA,NA,NA,NA,NA,NA,NA,NA,NA,NA,NA,NA,NA,NA,NA,NA,NA,NA,NA,NA,NA,NA,NA,NA,NA,NA,NA,NA,NA
10-Sep-20,Munuscong,MEAD2,W2,meadow,46.206714,-84.253655,13:02,13.03,NA,45,0.5,70,61,15.2,6.02,8.32,20.3,6,1.02319017,0.521030246,7,1.373027668,0.634039445,37,18.73565423,0,0,3,0,0.189189189,0,0.054054054,0.756756757,4,0,0,42,NA,NA,NA,NA,NA,NA,NA,NA,2,NA,NA,NA,5,NA,NA,NA,21,NA,NA,NA,NA,NA,NA,NA,1,NA,NA,NA,NA,NA,5,1,NA,NA,NA,NA,NA,NA,2,NA,NA,NA,NA,NA,2,NA,NA,10,NA,NA,NA,NA,0.5,NA,NA,NA,NA,NA,30,NA,NA,NA,NA,NA,NA,NA,NA,NA,0.5,NA,NA,NA,NA,NA,NA,NA,NA,NA,NA,NA,NA,NA,NA,NA,NA,NA,NA,NA,NA,NA,NA,NA,NA,NA,NA,NA,NA,NA,NA,NA,NA,NA,NA,NA,NA,NA,NA,NA,NA,NA,NA,NA,NA,NA,NA,NA,NA,NA,NA,NA,NA,NA,NA,NA,NA,NA,NA,NA,NA,NA,NA,NA,NA,NA,NA,NA,NA,NA,NA,NA,NA,NA,NA,NA,NA,NA,NA,NA,NA
27-Jul-20,Munuscong,MEAD2,W1,meadow,46.206714,-84.253655,11:40,11.67,10,70,0.5,40,65,23.7,2.7,7.71,11.5,9,1.03343245,0.469092938,10,0.820441993,0.311371047,139,88.8271395,0,0,3,0.841726619,0.035971223,0.014388489,0.064748201,0.043165468,6,0.5,0,57,NA,NA,NA,NA,NA,NA,NA,NA,3,NA,115,NA,NA,NA,NA,NA,3,NA,NA,NA,2,2,2,NA,NA,1,2,NA,NA,NA,NA,NA,NA,NA,NA,NA,NA,6,3,NA,NA,NA,NA,NA,2,NA,NA,10,NA,NA,NA,NA,0.5,0.5,NA,NA,NA,NA,45,NA,NA,NA,NA,NA,NA,NA,1,NA,1,NA,0.5,NA,NA,NA,NA,NA,NA,NA,NA,NA,NA,NA,NA,NA,NA,NA,NA,NA,NA,NA,NA,NA,NA,NA,NA,NA,NA,NA,NA,NA,NA,NA,NA,NA,NA,NA,NA,NA,NA,NA,NA,NA,NA,NA,NA,NA,NA,NA,NA,NA,NA,NA,NA,NA,NA,NA,NA,NA,NA,NA,NA,NA,NA,NA,NA,NA,NA,NA,NA,NA,NA,NA,NA,NA,NA,NA,NA,NA,NA
10-Sep-20,Munuscong,MEAD3,W2,meadow,46.206396,-84.253102,12:33,12.55,NA,20,1,70,61,16,9.39,8.8,19.8,5,0.834560138,0.41125,10,1.295873556,0.600373113,133,137.1273473,0,0,3,0.015037594,0.751879699,0.007518797,0.007518797,0.218045113,4,1,0,15,NA,NA,NA,NA,NA,1,NA,NA,21,1,NA,NA,79,NA,NA,NA,18,NA,NA,NA,1,NA,NA,NA,NA,3,NA,NA,NA,NA,7,NA,NA,NA,NA,NA,NA,1,NA,NA,NA,1,NA,NA,NA,NA,NA,NA,NA,1,NA,NA,0.5,NA,NA,NA,NA,NA,15,NA,NA,NA,NA,NA,NA,NA,NA,NA,0.5,NA,NA,NA,NA,NA,NA,NA,NA,NA,NA,NA,NA,NA,NA,NA,NA,NA,NA,NA,NA,NA,NA,NA,NA,NA,NA,NA,NA,NA,NA,NA,NA,NA,NA,NA,NA,NA,NA,NA,NA,NA,NA,NA,NA,NA,NA,NA,NA,NA,NA,NA,NA,NA,NA,NA,NA,NA,NA,NA,NA,NA,NA,NA,NA,NA,NA,NA,NA,NA,NA,NA,NA,NA,NA,NA,NA,NA,NA,NA,NA
27-Jul-20,Munuscong,MEAD3,W1,meadow,46.206396,-84.253102,12:04,12.07,15,30,1,70,67,23.4,2.24,7.63,40.4,7,0.959288709,0.427266652,10,1.77743377,0.794740687,74,46.87486645,0,0,3,0.22972973,0.527027027,0,0.189189189,0.054054054,4.5,0,0,29,NA,NA,NA,NA,NA,NA,NA,NA,17,NA,17,NA,21,NA,NA,NA,1,NA,NA,NA,NA,1,NA,NA,NA,NA,1,NA,NA,NA,2,NA,NA,NA,NA,NA,NA,9,1,4,NA,NA,NA,NA,25,NA,2,NA,NA,NA,NA,NA,0.5,0.5,NA,NA,NA,NA,2,NA,NA,NA,NA,NA,NA,NA,NA,NA,0.5,NA,NA,NA,NA,NA,NA,NA,NA,NA,NA,NA,NA,NA,NA,NA,NA,NA,NA,NA,NA,NA,NA,NA,NA,NA,NA,NA,NA,NA,NA,NA,NA,NA,NA,NA,NA,NA,NA,NA,NA,NA,NA,NA,NA,NA,NA,NA,NA,NA,NA,NA,NA,NA,NA,NA,NA,NA,NA,NA,NA,NA,NA,NA,NA,NA,NA,NA,NA,NA,NA,NA,NA,NA,NA,NA,NA,NA,NA,NA,NA
10-Sep-20,Munuscong,MEAD4,W2,meadow,46.207326,-84.253097,11:10,11.17,NA,35,1,70,48,13.7,3.4,7.6,65.2,5,1.107915853,0.59147238,10,1.918489637,0.809327846,27,106.6985422,0,0,1,0.259259259,0.37037037,0.037037037,0.037037037,0.296296296,1.5,0,0,33,NA,NA,NA,NA,NA,NA,NA,NA,8,NA,7,1,1,NA,NA,NA,4,NA,1,NA,1,NA,NA,NA,NA,2,NA,NA,NA,NA,NA,NA,NA,NA,NA,NA,1,NA,1,NA,NA,NA,NA,NA,6,NA,7,20,NA,NA,NA,NA,NA,NA,NA,NA,NA,NA,NA,NA,NA,NA,NA,NA,NA,0.5,NA,NA,NA,NA,NA,NA,NA,NA,NA,NA,NA,NA,NA,NA,NA,NA,NA,NA,NA,NA,NA,NA,NA,NA,NA,NA,NA,NA,NA,NA,NA,NA,NA,NA,NA,NA,NA,NA,NA,NA,NA,NA,NA,NA,NA,NA,NA,NA,NA,NA,NA,NA,NA,NA,NA,NA,NA,NA,NA,NA,NA,NA,NA,NA,NA,NA,NA,NA,NA,NA,NA,NA,NA,NA,NA,NA,NA,NA,NA,NA,NA,NA,NA
27-Jul-20,Munuscong,MEAD4,W1,meadow,46.207326,-84.253097,11:15,11.25,11,25,0.5,80,63,22.8,1.85,7.15,-65.2,4,1.028146744,0.576701269,7,1.378798499,0.676593129,121,16.26891396,0,0,0,0.305785124,0.066115702,0.024793388,0.578512397,0.024793388,0.5,0,0,25,NA,NA,NA,NA,NA,NA,NA,NA,8,NA,37,NA,NA,NA,NA,NA,3,NA,NA,NA,3,NA,NA,NA,NA,NA,NA,NA,NA,NA,NA,NA,NA,NA,NA,NA,NA,56,12,2,NA,NA,NA,NA,5,NA,5,15,NA,NA,NA,NA,NA,NA,NA,NA,NA,NA,NA,NA,NA,NA,NA,NA,NA,NA,NA,NA,0.5,NA,NA,NA,NA,NA,NA,NA,NA,NA,NA,NA,NA,NA,NA,NA,NA,NA,NA,NA,NA,NA,NA,NA,NA,NA,NA,NA,NA,NA,NA,NA,NA,NA,NA,NA,NA,NA,NA,NA,NA,NA,NA,NA,NA,NA,NA,NA,NA,NA,NA,NA,NA,NA,NA,NA,NA,NA,NA,NA,NA,NA,NA,NA,NA,NA,NA,NA,NA,NA,NA,NA,NA,NA,NA,NA,NA,NA,NA,NA,NA
10-Sep-20,Munuscong,MEAD5,W2,meadow,46.20806602,-84.25404003,10:35,10.58,NA,33,2,80,50,13.6,3.4,7.88,44.3,9,1.228690395,0.582756233,12,1.650733712,0.725103482,111,153.0902845,0,0,0.5,0.306306306,0.432432432,0.009009009,0.045045045,0.207207207,2.5,6.5,0,29,NA,NA,NA,NA,NA,NA,NA,NA,46,NA,33,NA,NA,NA,1,2,9,NA,NA,NA,1,NA,NA,1,8,4,NA,NA,NA,NA,1,NA,NA,NA,NA,NA,NA,2,3,NA,NA,NA,NA,NA,23,NA,NA,6,0.5,NA,NA,NA,0.5,0.5,NA,NA,NA,NA,NA,NA,NA,NA,NA,NA,NA,NA,0.5,NA,0.5,NA,6,NA,NA,NA,NA,NA,NA,NA,NA,NA,NA,NA,NA,NA,NA,NA,NA,NA,NA,NA,NA,NA,NA,NA,NA,NA,NA,NA,NA,NA,NA,NA,NA,NA,NA,NA,NA,NA,NA,NA,NA,NA,NA,NA,NA,NA,NA,NA,NA,NA,NA,NA,NA,NA,NA,NA,NA,NA,NA,NA,NA,NA,NA,NA,NA,NA,NA,NA,NA,NA,NA,NA,NA,NA,NA,NA,NA,NA,NA
27-Jul-20,Munuscong,MEAD5,W1,meadow,46.20806602,-84.25404003,10:30,10.5,7,45,1,80,70,23.4,1.1,7.13,-14.6,8,1.147683611,0.607461735,8,0.989972534,0.497329638,344,132.9195482,0,0,0,0.680232558,0.069767442,0.002906977,0.238372093,0.00872093,2.5,4,0.5,49,NA,NA,NA,NA,NA,NA,1,NA,24,NA,233,NA,NA,NA,NA,NA,NA,NA,NA,NA,1,NA,1,2,NA,NA,NA,NA,NA,NA,NA,NA,NA,NA,NA,NA,NA,66,16,NA,NA,NA,NA,NA,22,NA,NA,27,NA,NA,NA,0.5,0.5,0.5,NA,NA,NA,NA,NA,NA,NA,NA,NA,NA,NA,NA,0.5,NA,1,NA,4,NA,NA,NA,NA,NA,NA,NA,NA,NA,NA,NA,NA,NA,NA,NA,NA,NA,NA,NA,NA,NA,NA,NA,NA,NA,NA,NA,NA,NA,NA,NA,NA,NA,NA,NA,NA,NA,NA,NA,NA,NA,NA,NA,NA,NA,NA,NA,NA,NA,NA,NA,NA,NA,NA,NA,NA,NA,NA,NA,NA,NA,NA,NA,NA,NA,NA,NA,NA,NA,NA,NA,NA,NA,NA,NA,NA,NA,NA
11-Sep-20,Munuscong,MEAD6,W2,meadow,46.20625692,-84.25543874,13:05,13.08,NA,12,3,75,60,15.3,6.69,7.26,26.6,7,1.673754281,0.783203125,10,1.258956718,0.533414958,99,244.2649968,0,0,0,0.666666667,0.151515152,0,0.03030303,0.151515152,5.5,3,0,7.5,NA,NA,NA,NA,2,NA,NA,NA,11,NA,66,2,NA,NA,NA,NA,1,NA,NA,2,NA,NA,NA,1,3,8,NA,NA,NA,NA,NA,NA,NA,NA,NA,NA,NA,3,NA,NA,NA,NA,NA,NA,0.5,NA,2,4,NA,NA,NA,NA,0.5,NA,NA,NA,NA,5,1,NA,NA,NA,NA,NA,NA,NA,NA,NA,NA,NA,3,NA,NA,NA,NA,NA,NA,NA,NA,NA,NA,NA,NA,NA,NA,NA,NA,NA,NA,NA,NA,NA,NA,NA,NA,NA,NA,NA,NA,NA,NA,NA,NA,NA,NA,NA,NA,NA,NA,NA,NA,NA,NA,NA,NA,NA,NA,NA,NA,NA,NA,NA,NA,NA,NA,NA,NA,NA,NA,NA,NA,NA,NA,NA,NA,NA,NA,NA,NA,NA,NA,NA,NA,NA,NA,NA,NA,NA,NA
28-Jul-20,Munuscong,MEAD6,W1,meadow,46.20625692,-84.25543874,10:30,10.5,15,9,4,80,55,22.2,1.15,7.35,-76.6,8,1.857690633,0.819526627,7,0.800958052,0.372742382,95,68.16480609,0,0,1,0.778947368,0.010526316,0,0.168421053,0.042105263,4.5,3,0,5.5,NA,NA,NA,NA,NA,NA,2,NA,1,NA,74,NA,NA,NA,NA,NA,NA,NA,NA,NA,NA,NA,NA,1,NA,1,NA,NA,NA,NA,NA,NA,NA,NA,NA,NA,NA,3,13,NA,NA,NA,NA,NA,0.5,NA,1,1,NA,NA,NA,NA,0.5,NA,NA,NA,NA,3,3,NA,NA,NA,NA,NA,NA,NA,NA,NA,NA,NA,3,NA,NA,NA,NA,NA,NA,NA,NA,NA,NA,NA,NA,NA,NA,NA,NA,NA,NA,NA,NA,NA,NA,NA,NA,NA,NA,NA,NA,NA,NA,NA,NA,NA,NA,NA,NA,NA,NA,NA,NA,NA,NA,NA,NA,NA,NA,NA,NA,NA,NA,NA,NA,NA,NA,NA,NA,NA,NA,NA,NA,NA,NA,NA,NA,NA,NA,NA,NA,NA,NA,NA,NA,NA,NA,NA,NA,NA,NA
11-Sep-20,Munuscong,MEAD7,W2,meadow,46.206996,-84.255598,12:40,12.67,NA,16,8,80,54,15.1,5.91,7.32,39.8,4,1.142120043,0.635,3,1.098612289,0.666666667,3,28.60014444,0,0,0,0.333333333,0,0,0,0.666666667,1,6,0,13,NA,NA,NA,NA,NA,NA,NA,NA,NA,NA,NA,NA,NA,NA,NA,NA,NA,NA,NA,NA,NA,NA,NA,NA,NA,1,NA,NA,NA,NA,1,NA,NA,NA,NA,NA,NA,NA,NA,NA,NA,1,NA,NA,3,NA,NA,10,NA,NA,NA,NA,NA,NA,NA,NA,NA,1,NA,NA,NA,NA,NA,NA,NA,NA,NA,NA,NA,NA,6,NA,NA,NA,NA,NA,NA,NA,NA,NA,NA,NA,NA,NA,NA,NA,NA,NA,NA,NA,NA,NA,NA,NA,NA,NA,NA,NA,NA,NA,NA,NA,NA,NA,NA,NA,NA,NA,NA,NA,NA,NA,NA,NA,NA,NA,NA,NA,NA,NA,NA,NA,NA,NA,NA,NA,NA,NA,NA,NA,NA,NA,NA,NA,NA,NA,NA,NA,NA,NA,NA,NA,NA,NA,NA,NA,NA,NA,NA
28-Jul-20,Munuscong,MEAD7,W1,meadow,46.206996,-84.255598,10:52,10.87,8,22,4,80,58,22.6,0.96,7.38,-88.4,6,1.299500525,0.643950617,9,1.349752978,0.573468174,41,13.16417971,0,0,0,0.658536585,0.024390244,0.024390244,0.146341463,0.146341463,3.5,5,0,14,NA,NA,NA,NA,NA,NA,2,NA,NA,NA,26,2,NA,NA,NA,NA,2,NA,NA,1,1,NA,1,NA,NA,NA,NA,NA,NA,NA,NA,NA,NA,NA,NA,NA,NA,5,1,NA,NA,NA,NA,NA,1,NA,NA,12,NA,NA,NA,NA,0.5,NA,NA,NA,NA,3,1,NA,NA,NA,NA,NA,NA,NA,NA,NA,NA,NA,5,NA,NA,NA,NA,NA,NA,NA,NA,NA,NA,NA,NA,NA,NA,NA,NA,NA,NA,NA,NA,NA,NA,NA,NA,NA,NA,NA,NA,NA,NA,NA,NA,NA,NA,NA,NA,NA,NA,NA,NA,NA,NA,NA,NA,NA,NA,NA,NA,NA,NA,NA,NA,NA,NA,NA,NA,NA,NA,NA,NA,NA,NA,NA,NA,NA,NA,NA,NA,NA,NA,NA,NA,NA,NA,NA,NA,NA,NA
11-Sep-20,Munuscong,MEAD8,W2,meadow,46.20598903,-84.25534714,13:36,13.6,NA,8,1,70,60,13.6,2.6,7.13,-22.6,6,1.481892182,0.725694444,8,0.731213711,0.306965402,81,97.49706737,0,0,0,0.851851852,0.086419753,0,0.012345679,0.049382716,1.5,5,0,5.5,NA,NA,NA,NA,NA,NA,NA,NA,7,1,67,1,NA,NA,NA,NA,1,NA,NA,NA,NA,NA,1,NA,NA,2,NA,NA,NA,NA,NA,NA,NA,NA,NA,NA,NA,1,NA,NA,NA,NA,NA,NA,0.5,NA,NA,5,NA,NA,NA,NA,0.5,NA,NA,NA,NA,1,NA,NA,NA,NA,NA,NA,NA,NA,NA,NA,NA,2,3,NA,NA,NA,NA,NA,NA,NA,NA,NA,NA,NA,NA,NA,NA,NA,NA,NA,NA,NA,NA,NA,NA,NA,NA,NA,NA,NA,NA,NA,NA,NA,NA,NA,NA,NA,NA,NA,NA,NA,NA,NA,NA,NA,NA,NA,NA,NA,NA,NA,NA,NA,NA,NA,NA,NA,NA,NA,NA,NA,NA,NA,NA,NA,NA,NA,NA,NA,NA,NA,NA,NA,NA,NA,NA,NA,NA,NA,NA
28-Jul-20,Munuscong,MEAD8,W1,meadow,46.20598903,-84.25534714,10:10,10.17,21,20,10,99,82,22.2,0.75,7.5,-129.7,6,1.084182915,0.590587255,9,1.112552047,0.456597222,48,59.96618491,0,0,1,0.75,0.020833333,0,0.125,0.104166667,1.5,10.5,0,12.5,NA,NA,NA,NA,NA,NA,1,NA,1,NA,35,1,NA,NA,NA,NA,NA,NA,NA,NA,NA,3,NA,NA,NA,NA,NA,NA,NA,NA,NA,NA,NA,NA,1,NA,NA,3,2,1,NA,NA,NA,NA,0.5,NA,NA,12,NA,NA,NA,NA,NA,NA,NA,NA,NA,0.5,NA,NA,NA,NA,NA,NA,NA,NA,NA,NA,NA,0.5,10,NA,NA,NA,NA,NA,NA,NA,NA,NA,NA,NA,NA,NA,NA,NA,NA,NA,NA,NA,NA,NA,NA,NA,NA,NA,NA,NA,NA,NA,NA,NA,NA,NA,NA,NA,NA,NA,NA,NA,NA,NA,NA,NA,NA,NA,NA,NA,NA,NA,NA,NA,NA,NA,NA,NA,NA,NA,NA,NA,NA,NA,NA,NA,NA,NA,NA,NA,NA,NA,NA,NA,NA,NA,NA,NA,NA,NA,NA
8-Sep-20,Munuscong,NS1,W2,submerged,46.20467,-84.249094,13:55,13.92,NA,95,0.5,60,133,16.1,2.1,7.35,129.4,8,0.835679858,0.41434618,10,1.509726176,0.68,60,68.80937281,0,0,0.5,0.316666667,0.533333333,0,0,0.15,76.5,24,0,0,NA,NA,NA,NA,NA,NA,NA,NA,30,NA,5,1,1,NA,NA,NA,5,1,1,NA,NA,NA,14,1,NA,1,NA,NA,NA,NA,NA,NA,NA,NA,NA,NA,NA,NA,NA,NA,NA,NA,NA,NA,NA,NA,NA,NA,8,NA,NA,NA,0.5,0.5,15,75,NA,NA,NA,NA,NA,0.5,0.5,NA,NA,NA,NA,NA,NA,NA,NA,NA,NA,NA,NA,NA,NA,NA,NA,NA,NA,NA,NA,NA,NA,NA,NA,NA,NA,NA,NA,NA,NA,NA,NA,NA,NA,NA,NA,NA,NA,NA,NA,NA,NA,NA,NA,NA,NA,NA,NA,NA,NA,NA,NA,NA,NA,NA,NA,NA,NA,NA,NA,NA,NA,NA,NA,NA,NA,NA,NA,NA,NA,NA,NA,NA,NA,NA,NA,NA,NA,NA,NA,NA,NA,NA,NA,NA,NA
29-Jul-20,Munuscong,NS1,W1,submerged,46.20467,-84.249094,12:00,12,22,95,10,40,140,22.8,1.56,7.06,61.2,6,1.215811007,0.648300781,6,1.695742534,0.8,10,21.0367838,0,0,0,0.5,0.3,0,0,0.2,81,79,0,0,NA,NA,NA,NA,NA,NA,NA,NA,2,NA,2,NA,NA,NA,NA,NA,1,NA,1,NA,NA,1,3,NA,NA,NA,NA,NA,NA,NA,NA,NA,NA,NA,NA,NA,NA,NA,NA,NA,NA,NA,NA,NA,NA,NA,NA,NA,17,NA,NA,NA,NA,0.5,45,80,NA,NA,NA,NA,NA,17,NA,NA,NA,NA,0.5,NA,NA,NA,NA,NA,NA,NA,NA,NA,NA,NA,NA,NA,NA,NA,NA,NA,NA,NA,NA,NA,NA,NA,NA,NA,NA,NA,NA,NA,NA,NA,NA,NA,NA,NA,NA,NA,NA,NA,NA,NA,NA,NA,NA,NA,NA,NA,NA,NA,NA,NA,NA,NA,NA,NA,NA,NA,NA,NA,NA,NA,NA,NA,NA,NA,NA,NA,NA,NA,NA,NA,NA,NA,NA,NA,NA,NA,NA,NA,NA,NA,NA
8-Sep-20,Munuscong,NS2,W2,submerged,46.204721,-84.248211,13:19,13.32,NA,90,0.5,60,144,15.9,3.02,7.35,114.9,6,0.751979274,0.372749552,9,1.752586913,0.788166545,74,80.4478257,0,0,0,0.22972973,0.594594595,0,0.027027027,0.148648649,81,22,0,0,NA,NA,NA,NA,NA,NA,NA,NA,22,2,5,NA,21,NA,NA,NA,10,NA,1,NA,NA,NA,10,NA,NA,1,NA,NA,NA,NA,NA,NA,NA,NA,NA,NA,NA,NA,2,NA,NA,NA,NA,NA,NA,NA,NA,NA,15,NA,NA,NA,0.5,0.5,5,80,NA,NA,NA,NA,NA,NA,2,NA,NA,NA,NA,NA,NA,NA,NA,NA,NA,NA,NA,NA,NA,NA,NA,NA,NA,NA,NA,NA,NA,NA,NA,NA,NA,NA,NA,NA,NA,NA,NA,NA,NA,NA,NA,NA,NA,NA,NA,NA,NA,NA,NA,NA,NA,NA,NA,NA,NA,NA,NA,NA,NA,NA,NA,NA,NA,NA,NA,NA,NA,NA,NA,NA,NA,NA,NA,NA,NA,NA,NA,NA,NA,NA,NA,NA,NA,NA,NA,NA,NA,NA,NA,NA,NA
29-Jul-20,Munuscong,NS2,W1,submerged,46.204721,-84.248211,12:19,12.32,15,90,5,30,155,22.6,2.48,7.36,64.8,7,1.249514146,0.649432354,6,1.471883255,0.720221607,19,15.1882397,0,0,0,0.315789474,0.421052632,0,0,0.263157895,49,44.5,0,0,NA,NA,NA,NA,NA,NA,NA,NA,NA,NA,1,1,8,NA,NA,NA,3,NA,NA,NA,NA,1,5,NA,NA,NA,NA,NA,NA,NA,NA,NA,NA,NA,NA,NA,NA,NA,NA,NA,NA,NA,NA,NA,NA,NA,NA,NA,20,NA,NA,NA,NA,0.5,18,48,NA,NA,NA,NA,NA,NA,0.5,NA,NA,NA,NA,NA,0.5,NA,6,NA,NA,NA,NA,NA,NA,NA,NA,NA,NA,NA,NA,NA,NA,NA,NA,NA,NA,NA,NA,NA,NA,NA,NA,NA,NA,NA,NA,NA,NA,NA,NA,NA,NA,NA,NA,NA,NA,NA,NA,NA,NA,NA,NA,NA,NA,NA,NA,NA,NA,NA,NA,NA,NA,NA,NA,NA,NA,NA,NA,NA,NA,NA,NA,NA,NA,NA,NA,NA,NA,NA,NA,NA,NA,NA,NA,NA,NA
29-Jul-20,Munuscong,NS3,W1,submerged,46.204115,-84.250346,11:44,11.73,22,90,0.5,30,147,22.3,1.92,7.37,59,6,0.689572755,0.319572855,8,1.660100091,0.746730083,29,52.99481635,0,0,0,0.310344828,0.482758621,0.034482759,0,0.172413793,86,18,0,0,NA,NA,NA,NA,NA,NA,NA,NA,1,NA,7,2,12,NA,NA,NA,3,NA,1,NA,1,NA,2,NA,NA,NA,NA,NA,NA,NA,NA,NA,NA,NA,NA,NA,NA,NA,NA,NA,NA,NA,NA,NA,NA,NA,NA,NA,10,NA,NA,NA,0.5,0.5,NA,85,NA,NA,NA,NA,NA,5,3,NA,NA,NA,NA,NA,NA,NA,NA,NA,NA,NA,NA,NA,NA,NA,NA,NA,NA,NA,NA,NA,NA,NA,NA,NA,NA,NA,NA,NA,NA,NA,NA,NA,NA,NA,NA,NA,NA,NA,NA,NA,NA,NA,NA,NA,NA,NA,NA,NA,NA,NA,NA,NA,NA,NA,NA,NA,NA,NA,NA,NA,NA,NA,NA,NA,NA,NA,NA,NA,NA,NA,NA,NA,NA,NA,NA,NA,NA,NA,NA,NA,NA,NA,NA,NA,NA
8-Sep-20,Munuscong,NS3,W2,submerged,46.204115,-84.250346,12:06,12.1,NA,75,0.5,50,128,15.7,1.87,7.48,113.2,8,0.882919825,0.403043995,8,1.021054219,0.46765625,160,91.65154837,0,0,0,0.15625,0.7875,0.0125,0.00625,0.0375,58.5,14,0,0,NA,NA,NA,NA,NA,NA,NA,NA,114,NA,4,NA,12,NA,NA,NA,5,NA,NA,NA,2,NA,21,NA,NA,NA,NA,NA,NA,NA,NA,NA,NA,1,NA,NA,NA,NA,1,NA,NA,NA,NA,NA,NA,NA,NA,NA,10,NA,NA,NA,0.5,0.5,NA,55,2,NA,NA,NA,NA,2,NA,NA,NA,NA,0.5,NA,NA,NA,2,NA,NA,NA,NA,NA,NA,NA,NA,NA,NA,NA,NA,NA,NA,NA,NA,NA,NA,NA,NA,NA,NA,NA,NA,NA,NA,NA,NA,NA,NA,NA,NA,NA,NA,NA,NA,NA,NA,NA,NA,NA,NA,NA,NA,NA,NA,NA,NA,NA,NA,NA,NA,NA,NA,NA,NA,NA,NA,NA,NA,NA,NA,NA,NA,NA,NA,NA,NA,NA,NA,NA,NA,NA,NA,NA,NA,NA,NA
8-Sep-20,Munuscong,NS4,W2,submerged,46.20401102,-84.2503903,12:47,12.78,NA,75,5,70,125,16,2.82,7.52,110,7,0.799040804,0.375416831,7,1.477806042,0.731401384,68,40.22108613,0,0,0,0.029411765,0.647058824,0,0,0.323529412,71.5,12,0,0,NA,NA,NA,NA,NA,NA,NA,NA,22,NA,NA,1,22,NA,NA,NA,16,NA,NA,NA,NA,NA,2,NA,NA,2,NA,NA,NA,NA,3,NA,NA,NA,NA,NA,NA,NA,NA,NA,NA,NA,NA,NA,NA,NA,NA,NA,10,NA,NA,NA,0.5,0.5,2,65,5,NA,NA,NA,NA,NA,NA,NA,NA,NA,NA,NA,0.5,NA,NA,NA,NA,NA,NA,NA,NA,NA,NA,NA,NA,NA,NA,NA,NA,NA,NA,NA,NA,NA,NA,NA,NA,NA,NA,NA,NA,NA,NA,NA,NA,NA,NA,NA,NA,NA,NA,NA,NA,NA,NA,NA,NA,NA,NA,NA,NA,NA,NA,NA,NA,NA,NA,NA,NA,NA,NA,NA,NA,NA,NA,NA,NA,NA,NA,NA,NA,NA,NA,NA,NA,NA,NA,NA,NA,NA,NA,NA,NA
29-Jul-20,Munuscong,NS4,W1,submerged,46.20401102,-84.2503903,11:25,11.42,15,90,0.5,30,113,22.1,0.86,7.38,52.7,9,1.527843636,0.720007053,12,1.688574602,0.717561099,63,194.8790164,0,0,0,0.333333333,0.555555556,0,0.015873016,0.095238095,46.5,60,0,0,NA,1,NA,NA,NA,NA,NA,NA,5,1,4,2,29,NA,NA,NA,NA,2,NA,NA,NA,1,15,NA,NA,NA,NA,NA,NA,1,NA,NA,NA,NA,NA,1,NA,NA,1,NA,NA,NA,NA,NA,NA,NA,NA,NA,30,NA,NA,NA,0.5,0.5,10,45,NA,NA,NA,NA,NA,10,NA,5,NA,NA,NA,NA,0.5,NA,5,NA,NA,NA,NA,NA,NA,NA,NA,NA,NA,NA,NA,NA,NA,NA,NA,NA,NA,NA,NA,NA,NA,NA,NA,NA,NA,NA,NA,NA,NA,NA,NA,NA,NA,NA,NA,NA,NA,NA,NA,NA,NA,NA,NA,NA,NA,NA,NA,NA,NA,NA,NA,NA,NA,NA,NA,NA,NA,NA,NA,NA,NA,NA,NA,NA,NA,NA,NA,NA,NA,NA,NA,NA,NA,NA,NA,NA,NA
8-Sep-20,Munuscong,NS5,W2,submerged,46.202466,-84.253254,11:39,11.65,NA,60,0.5,60,145,15.8,5.79,7.64,128.3,6,1.145521582,0.584910837,6,1.566006907,0.743764172,21,25.5806035,0,0,0,0.047619048,0.285714286,0.142857143,0,0.523809524,8,59.5,0,0,NA,NA,NA,NA,NA,NA,NA,NA,NA,1,NA,NA,3,NA,NA,NA,9,NA,3,NA,3,NA,NA,2,NA,NA,NA,NA,NA,NA,NA,NA,NA,NA,NA,NA,NA,NA,NA,NA,NA,NA,NA,NA,NA,NA,NA,NA,15,4,NA,NA,NA,NA,40,NA,7,NA,NA,NA,1,NA,0.5,NA,NA,NA,NA,NA,NA,NA,NA,NA,NA,NA,NA,NA,NA,NA,NA,NA,NA,NA,NA,NA,NA,NA,NA,NA,NA,NA,NA,NA,NA,NA,NA,NA,NA,NA,NA,NA,NA,NA,NA,NA,NA,NA,NA,NA,NA,NA,NA,NA,NA,NA,NA,NA,NA,NA,NA,NA,NA,NA,NA,NA,NA,NA,NA,NA,NA,NA,NA,NA,NA,NA,NA,NA,NA,NA,NA,NA,NA,NA,NA,NA,NA,NA,NA,NA,NA
29-Jul-20,Munuscong,NS5,W1,submerged,46.202466,-84.253254,11:02,11.03,3,40,0.5,20,152,23.4,4.4,7.58,23.1,7,1.243721067,0.642284852,7,1.695275111,0.791666667,36,32.21061772,0,0,0,0.305555556,0.5,0.138888889,0,0.055555556,17,34,0.5,0,NA,NA,NA,NA,NA,NA,NA,NA,7,3,NA,NA,11,NA,NA,NA,NA,1,NA,NA,5,NA,8,1,NA,NA,NA,NA,NA,NA,NA,NA,NA,NA,NA,NA,NA,NA,NA,NA,NA,NA,NA,NA,NA,NA,NA,NA,NA,0.5,NA,NA,NA,NA,25,NA,17,NA,NA,NA,NA,NA,3,NA,NA,NA,NA,0.5,NA,NA,5,0.5,NA,NA,NA,NA,NA,NA,NA,NA,NA,NA,NA,NA,NA,NA,NA,NA,NA,NA,NA,NA,NA,NA,NA,NA,NA,NA,NA,NA,NA,NA,NA,NA,NA,NA,NA,NA,NA,NA,NA,NA,NA,NA,NA,NA,NA,NA,NA,NA,NA,NA,NA,NA,NA,NA,NA,NA,NA,NA,NA,NA,NA,NA,NA,NA,NA,NA,NA,NA,NA,NA,NA,NA,NA,NA,NA,NA,NA
10-Sep-20,Munuscong,NS6,W2,submerged,46.206008,-84.25166,11:50,11.83,NA,40,0.5,40,96,14.3,4.95,7.88,29.1,7,1.412914759,0.690949903,7,1.486032598,0.689349112,26,67.48340353,0,0,0,0.038461538,0.692307692,0,0,0.269230769,38.5,11,0,0,NA,NA,NA,NA,NA,NA,NA,NA,5,NA,1,NA,13,NA,NA,NA,NA,1,NA,NA,NA,NA,NA,NA,2,NA,NA,NA,NA,NA,3,NA,NA,NA,NA,NA,1,NA,NA,NA,NA,NA,NA,NA,NA,NA,NA,NA,3,NA,NA,NA,0.5,NA,4,20,NA,NA,NA,NA,18,2,NA,2,NA,NA,NA,NA,NA,NA,NA,NA,NA,NA,NA,NA,NA,NA,NA,NA,NA,NA,NA,NA,NA,NA,NA,NA,NA,NA,NA,NA,NA,NA,NA,NA,NA,NA,NA,NA,NA,NA,NA,NA,NA,NA,NA,NA,NA,NA,NA,NA,NA,NA,NA,NA,NA,NA,NA,NA,NA,NA,NA,NA,NA,NA,NA,NA,NA,NA,NA,NA,NA,NA,NA,NA,NA,NA,NA,NA,NA,NA,NA,NA,NA,NA,NA,NA,NA
29-Jul-20,Munuscong,NS6,W1,submerged,46.206008,-84.25166,16:20,16.33,9,90,4,20,111,23.2,4.83,7.9,55.3,5,0.85980554,0.466730737,9,1.660840436,0.742455775,62,54.81518165,0,0,0,0.370967742,0.483870968,0,0.048387097,0.096774194,61.5,5,0,0,3,1,NA,NA,NA,NA,NA,NA,2,NA,17,NA,25,NA,NA,NA,4,NA,NA,NA,NA,1,6,NA,NA,NA,NA,NA,NA,NA,NA,NA,NA,NA,NA,NA,NA,NA,3,NA,NA,NA,NA,NA,NA,NA,NA,NA,NA,NA,NA,NA,NA,NA,NA,46,NA,NA,NA,NA,15,1,NA,NA,4,NA,NA,NA,0.5,NA,NA,NA,NA,NA,NA,NA,NA,NA,NA,NA,NA,NA,NA,NA,NA,NA,NA,NA,NA,NA,NA,NA,NA,NA,NA,NA,NA,NA,NA,NA,NA,NA,NA,NA,NA,NA,NA,NA,NA,NA,NA,NA,NA,NA,NA,NA,NA,NA,NA,NA,NA,NA,NA,NA,NA,NA,NA,NA,NA,NA,NA,NA,NA,NA,NA,NA,NA,NA,NA,NA,NA,NA,NA,NA,NA,NA,NA,NA,NA
29-Jul-20,Munuscong,NS7,W1,submerged,46.20477052,-84.25097108,17:09,17.15,16,85,2,30,142,25.2,5.75,8,19.6,4,0.912512287,0.552825501,10,1.521086019,0.712890625,64,44.97572842,0,0,0,0.1875,0.71875,0.03125,0,0.0625,60.5,48,0,0,NA,NA,NA,NA,NA,NA,NA,1,25,NA,1,1,21,NA,NA,NA,1,NA,NA,NA,2,NA,10,1,NA,NA,NA,NA,NA,NA,NA,NA,NA,NA,NA,NA,NA,NA,NA,NA,NA,NA,1,NA,NA,NA,NA,NA,8,NA,NA,NA,NA,0.5,40,60,NA,NA,NA,NA,NA,NA,NA,NA,NA,NA,NA,NA,NA,NA,NA,NA,NA,NA,NA,NA,NA,NA,NA,NA,NA,NA,NA,NA,NA,NA,NA,NA,NA,NA,NA,NA,NA,NA,NA,NA,NA,NA,NA,NA,NA,NA,NA,NA,NA,NA,NA,NA,NA,NA,NA,NA,NA,NA,NA,NA,NA,NA,NA,NA,NA,NA,NA,NA,NA,NA,NA,NA,NA,NA,NA,NA,NA,NA,NA,NA,NA,NA,NA,NA,NA,NA,NA,NA,NA,NA,NA,NA,NA
9-Sep-20,Munuscong,NS7,W2,submerged,46.20477052,-84.25097108,10:30,10.5,NA,75,1,90,131,14.6,1.56,7.72,55,6,1.043657145,0.586224416,9,1.085000998,0.468979592,70,54.71138998,0,0,0,0.1,0.728571429,0,0,0.171428571,40,43,0,0,NA,NA,NA,NA,NA,NA,NA,NA,1,2,2,NA,50,NA,NA,NA,9,1,NA,NA,NA,NA,3,NA,1,NA,NA,NA,NA,NA,NA,NA,1,NA,NA,NA,NA,NA,NA,NA,NA,NA,NA,NA,NA,NA,NA,NA,3,NA,NA,NA,NA,0.5,40,35,4,NA,NA,NA,NA,NA,NA,NA,NA,NA,NA,NA,0.5,NA,NA,NA,NA,NA,NA,NA,NA,NA,NA,NA,NA,NA,NA,NA,NA,NA,NA,NA,NA,NA,NA,NA,NA,NA,NA,NA,NA,NA,NA,NA,NA,NA,NA,NA,NA,NA,NA,NA,NA,NA,NA,NA,NA,NA,NA,NA,NA,NA,NA,NA,NA,NA,NA,NA,NA,NA,NA,NA,NA,NA,NA,NA,NA,NA,NA,NA,NA,NA,NA,NA,NA,NA,NA,NA,NA,NA,NA,NA,NA
8-Sep-20,Munuscong,NS8,W2,submerged,46.20494356,-84.24522544,14:37,14.62,NA,80,0.5,30,123,16,4.99,7.77,99.2,7,0.748812221,0.3965,5,1.120007651,0.579753086,45,30.27563528,0,0,0,0.133333333,0.644444444,0,0,0.222222222,77,23,0,0,NA,NA,NA,NA,NA,NA,NA,NA,2,NA,6,NA,27,NA,NA,NA,9,NA,NA,NA,NA,NA,NA,NA,NA,1,NA,NA,NA,NA,NA,NA,NA,NA,NA,NA,NA,NA,NA,NA,NA,NA,NA,NA,NA,NA,NA,NA,20,NA,NA,NA,0.5,0.5,NA,75,NA,NA,NA,NA,NA,3,NA,NA,NA,NA,0.5,NA,0.5,NA,NA,NA,NA,NA,NA,NA,NA,NA,NA,NA,NA,NA,NA,NA,NA,NA,NA,NA,NA,NA,NA,NA,NA,NA,NA,NA,NA,NA,NA,NA,NA,NA,NA,NA,NA,NA,NA,NA,NA,NA,NA,NA,NA,NA,NA,NA,NA,NA,NA,NA,NA,NA,NA,NA,NA,NA,NA,NA,NA,NA,NA,NA,NA,NA,NA,NA,NA,NA,NA,NA,NA,NA,NA,NA,NA,NA,NA,NA,NA
29-Jul-20,Munuscong,NS8,W1,submerged,46.20494356,-84.24522544,14:23,14.38,23,95,6,30,150,23.5,4.76,7.48,75.8,8,0.841169198,0.419152949,4,0.914917225,0.519183673,35,35.63245613,0,0,0,0.285714286,0.628571429,0,0,0.085714286,81.5,26.5,0,0,NA,NA,NA,NA,NA,1,NA,NA,NA,NA,NA,NA,22,NA,NA,NA,2,NA,NA,NA,NA,NA,10,NA,NA,NA,NA,NA,NA,NA,NA,NA,NA,NA,NA,NA,NA,NA,NA,NA,NA,NA,NA,NA,NA,NA,NA,NA,18,NA,NA,NA,0.5,0.5,NA,80,NA,NA,NA,NA,NA,1,NA,NA,NA,NA,NA,NA,0.5,0.5,7,NA,NA,NA,NA,NA,NA,NA,NA,NA,NA,NA,NA,NA,NA,NA,NA,NA,NA,NA,NA,NA,NA,NA,NA,NA,NA,NA,NA,NA,NA,NA,NA,NA,NA,NA,NA,NA,NA,NA,NA,NA,NA,NA,NA,NA,NA,NA,NA,NA,NA,NA,NA,NA,NA,NA,NA,NA,NA,NA,NA,NA,NA,NA,NA,NA,NA,NA,NA,NA,NA,NA,NA,NA,NA,NA,NA,NA,NA
10-Sep-20,Munuscong,TY1,W2,typha,46.20649679,-84.25446116,15:05,15.08,NA,20,7,99,82,14.1,2.26,7.62,48.1,7,0.873464145,0.376181474,7,0.571588838,0.220626257,59,56.98419569,0,18,0.5,0.050847458,0.898305085,0,0,0.050847458,3,2,18,0,NA,NA,NA,NA,NA,NA,NA,NA,52,1,1,NA,1,NA,NA,NA,NA,NA,NA,NA,NA,NA,1,NA,2,NA,NA,NA,NA,NA,NA,NA,1,NA,NA,NA,NA,NA,NA,NA,NA,NA,NA,NA,NA,NA,NA,NA,NA,NA,NA,NA,1,NA,NA,NA,NA,NA,NA,NA,NA,NA,NA,NA,NA,0.5,0.5,NA,0.5,NA,2,NA,NA,NA,NA,NA,NA,NA,NA,NA,NA,NA,NA,NA,NA,NA,NA,NA,NA,NA,NA,NA,NA,NA,NA,NA,NA,NA,NA,NA,NA,NA,NA,NA,NA,NA,NA,NA,NA,NA,NA,NA,NA,NA,NA,NA,NA,NA,NA,NA,NA,NA,NA,NA,NA,NA,NA,NA,NA,NA,NA,NA,NA,NA,NA,NA,NA,NA,NA,NA,NA,NA,NA,NA,NA,NA,NA,NA,NA
28-Jul-20,Munuscong,TY1,W1,typha,46.20649679,-84.25446116,11:58,11.97,16,27,3,99,91,22.5,0.87,7.3,-45.9,7,0.814678262,0.357907253,4,0.321978446,0.130606117,73,39.97070215,5468.063111,23,0,0,0.95890411,0.02739726,0,0.01369863,2,3,24,0,NA,NA,NA,NA,NA,NA,NA,NA,68,NA,NA,1,2,NA,NA,NA,NA,NA,NA,NA,2,NA,NA,NA,NA,NA,NA,NA,NA,NA,NA,NA,NA,NA,NA,NA,NA,NA,NA,NA,NA,NA,NA,NA,NA,NA,NA,NA,NA,NA,0.5,NA,1,NA,NA,NA,NA,NA,NA,0.5,NA,NA,NA,NA,NA,0.5,NA,NA,0.5,NA,3,NA,NA,w,NA,NA,NA,NA,NA,NA,NA,NA,NA,NA,NA,NA,NA,NA,NA,NA,NA,NA,NA,NA,NA,NA,NA,NA,NA,NA,NA,NA,NA,NA,NA,NA,NA,NA,NA,NA,NA,NA,NA,NA,NA,NA,NA,1,NA,NA,1,NA,NA,NA,NA,NA,NA,1,,1,NA,1,2,NA,NA,2,1,NA,1,5,NA,3,1,2,1,NA,NA,NA,NA
28-Jul-20,Munuscong,TY2,W1,typha,46.20620107,-84.25449032,13:44,13.73,16,30,5,99,85,23.7,2.29,7.42,-13.9,3,0.164865454,0.062955255,7,0.528243438,0.210436816,97,66.59446576,6181.430117,30,0,0.06185567,0.886597938,0,0.020618557,0.030927835,0.5,0.5,30,0,NA,NA,NA,NA,NA,NA,NA,NA,86,NA,1,2,NA,NA,NA,NA,NA,NA,NA,NA,NA,NA,5,NA,NA,1,NA,NA,NA,NA,NA,NA,NA,NA,NA,NA,NA,1,1,NA,NA,NA,NA,NA,NA,NA,NA,NA,NA,NA,NA,NA,0.5,NA,NA,NA,NA,NA,NA,NA,NA,NA,NA,NA,NA,NA,NA,NA,NA,NA,0.5,NA,NA,h,NA,NA,NA,NA,NA,NA,NA,NA,NA,NA,NA,NA,NA,NA,NA,NA,NA,NA,NA,NA,NA,NA,NA,NA,NA,NA,NA,NA,NA,NA,NA,NA,NA,NA,NA,NA,NA,NA,NA,NA,NA,NA,NA,NA,NA,NA,NA,NA,NA,1,1,NA,NA,1,1,NA,NA,NA,NA,1,NA,2,1,4,1,1,1,NA,NA,1,NA,NA,NA,NA,NA
11-Sep-20,Munuscong,TY2,W2,typha,46.20620107,-84.25449032,11:20,11.33,NA,27,6,99,83,12.9,0.52,7.37,31,4,0.26401375,0.101569714,7,0.478673629,0.18223205,124,75.18590071,0,27,0,0.032258065,0.911290323,0.024193548,0.008064516,0.024193548,1,0.5,27,0,NA,NA,NA,NA,NA,NA,NA,NA,112,NA,3,NA,1,NA,NA,NA,NA,NA,NA,NA,3,NA,1,NA,3,NA,NA,NA,NA,NA,NA,NA,NA,NA,NA,NA,NA,1,NA,NA,NA,NA,NA,NA,NA,NA,NA,NA,NA,NA,NA,NA,0.5,NA,NA,NA,NA,NA,NA,NA,NA,NA,NA,NA,NA,0.5,NA,NA,NA,NA,0.5,NA,NA,NA,NA,NA,NA,NA,NA,NA,NA,NA,NA,NA,NA,NA,NA,NA,NA,NA,NA,NA,NA,NA,NA,NA,NA,NA,NA,NA,NA,NA,NA,NA,NA,NA,NA,NA,NA,NA,NA,NA,NA,NA,NA,NA,NA,NA,NA,NA,NA,NA,NA,NA,NA,NA,NA,NA,NA,NA,NA,NA,NA,NA,NA,NA,NA,NA,NA,NA,NA,NA,NA,NA,NA,NA,NA,NA,NA
28-Jul-20,Munuscong,TY3,W1,typha,46.20691107,-84.25503941,11:24,11.4,17,27,4,99,80,22.2,0.76,7.21,-82.5,7,0.737182315,0.307966706,6,0.346070223,0.133911133,128,40.79241497,2879.972763,24,0,0.0078125,0.9296875,0.0078125,0.046875,0.0078125,1.5,1,26,0.5,NA,NA,NA,NA,NA,NA,NA,NA,119,NA,1,1,NA,NA,NA,NA,NA,NA,NA,NA,1,NA,NA,NA,NA,NA,NA,NA,NA,NA,NA,NA,NA,NA,NA,NA,NA,5,1,NA,NA,NA,NA,NA,NA,NA,NA,0.5,NA,NA,2,NA,0.5,NA,NA,NA,NA,NA,NA,NA,NA,NA,NA,NA,NA,0.5,NA,NA,0.5,NA,1,NA,NA,w,NA,NA,NA,NA,NA,NA,NA,NA,NA,NA,NA,NA,NA,NA,NA,NA,NA,NA,NA,NA,NA,NA,NA,NA,NA,NA,NA,NA,NA,NA,NA,NA,NA,NA,NA,NA,NA,NA,NA,NA,NA,NA,NA,NA,NA,NA,NA,NA,1,NA,NA,NA,NA,2,3,NA,1,NA,3,NA,5,3,3,NA,NA,NA,NA,NA,NA,NA,NA,NA,NA,NA,NA
11-Sep-20,Munuscong,TY3,W2,typha,46.20691107,-84.25503941,11:54,11.9,NA,23,5,99,73,12.7,0.17,7.28,9.1,6,0.55421024,0.2224,6,0.93287375,0.506163495,136,100.251623,0,22,0,0.25,0.654411765,0.080882353,0,0.014705882,1.5,0,23,0.5,NA,NA,NA,NA,NA,NA,NA,NA,89,NA,33,1,NA,NA,NA,NA,NA,NA,NA,NA,11,NA,1,NA,1,NA,NA,NA,NA,NA,NA,NA,NA,NA,NA,NA,NA,NA,NA,NA,NA,NA,NA,NA,NA,NA,NA,0.5,NA,NA,1,NA,0.5,NA,NA,NA,NA,NA,NA,NA,NA,NA,NA,NA,NA,0.5,NA,NA,0.5,NA,NA,NA,NA,NA,NA,NA,NA,NA,NA,NA,NA,NA,NA,NA,NA,NA,NA,NA,NA,NA,NA,NA,NA,NA,NA,NA,NA,NA,NA,NA,NA,NA,NA,NA,NA,NA,NA,NA,NA,NA,NA,NA,NA,NA,NA,NA,NA,NA,NA,NA,NA,NA,NA,NA,NA,NA,NA,NA,NA,NA,NA,NA,NA,NA,NA,NA,NA,NA,NA,NA,NA,NA,NA,NA,NA,NA,NA,NA,NA
28-Jul-20,Munuscong,TY4,W1,typha,46.20655481,-84.25482041,14:01,14.02,25,26,6,99,102,23.6,2.41,7.4,-14.5,4,0.751536153,0.447681332,13,1.994519224,0.809688581,85,72.15278463,1705.424726,20,0.5,0.211764706,0.423529412,0.023529412,0.129411765,0.211764706,1,8,20,0,NA,NA,NA,NA,NA,NA,NA,5,30,2,9,NA,6,NA,NA,NA,14,NA,NA,NA,2,NA,1,NA,NA,NA,NA,NA,NA,NA,1,NA,1,NA,1,NA,NA,NA,11,NA,2,NA,NA,NA,NA,NA,NA,NA,NA,NA,NA,NA,0.5,NA,NA,NA,NA,NA,NA,NA,NA,NA,NA,NA,NA,NA,NA,NA,NA,NA,8,NA,NA,w,NA,NA,NA,NA,NA,NA,NA,NA,NA,NA,NA,NA,NA,NA,NA,NA,NA,NA,NA,NA,NA,NA,NA,NA,NA,NA,NA,NA,NA,NA,NA,NA,NA,NA,NA,NA,NA,NA,NA,NA,NA,NA,2,1,NA,NA,2,NA,NA,1,1,1,1,2,NA,NA,NA,2,1,2,2,NA,1,NA,NA,NA,NA,NA,NA,NA,NA,NA,NA,NA,NA
10-Sep-20,Munuscong,TY4,W2,typha,46.20655481,-84.25482041,15:21,15.35,NA,20,5,99,89,14,1.7,7.11,68.9,5,0.808107084,0.407118056,6,0.779481842,0.348088889,75,89.52232114,0,18,1,0.04,0.8,0.026666667,0,0.133333333,1.5,4,18.5,0,NA,NA,NA,NA,NA,NA,NA,NA,60,3,NA,NA,NA,NA,NA,NA,7,NA,NA,NA,2,NA,NA,NA,2,1,NA,NA,NA,NA,NA,NA,NA,NA,NA,NA,NA,NA,NA,NA,NA,NA,NA,NA,NA,NA,NA,NA,NA,NA,NA,NA,0.5,NA,NA,NA,NA,NA,NA,0.5,NA,NA,NA,NA,NA,NA,NA,NA,NA,NA,4,NA,NA,NA,NA,NA,NA,NA,NA,NA,NA,NA,NA,NA,NA,NA,NA,NA,NA,NA,NA,NA,NA,NA,NA,NA,NA,NA,NA,NA,NA,NA,NA,NA,NA,NA,NA,NA,NA,NA,NA,NA,NA,NA,NA,NA,NA,NA,NA,NA,NA,NA,NA,NA,NA,NA,NA,NA,NA,NA,NA,NA,NA,NA,NA,NA,NA,NA,NA,NA,NA,NA,NA,NA,NA,NA,NA,NA,NA
10-Sep-20,Munuscong,TY5,W2,typha,46.20651476,-84.25422808,14:17,14.28,NA,21,5,90,71,14.3,2.92,7.38,14.4,6,0.527658531,0.207407407,7,1.24108524,0.610733182,63,112.2501307,0,20,0.5,0.317460317,0.555555556,0.063492063,0,0.063492063,2,0,20.5,0,NA,NA,NA,NA,NA,1,NA,NA,35,NA,17,NA,NA,NA,NA,NA,1,NA,NA,NA,4,NA,3,NA,NA,2,NA,NA,NA,NA,NA,NA,NA,NA,NA,NA,NA,NA,NA,NA,NA,NA,NA,NA,NA,NA,NA,NA,NA,NA,0.5,NA,0.5,NA,NA,NA,NA,NA,NA,NA,NA,NA,NA,NA,NA,0.5,0.5,NA,NA,NA,NA,NA,NA,NA,NA,NA,NA,NA,NA,NA,NA,NA,NA,NA,NA,NA,NA,NA,NA,NA,NA,NA,NA,NA,NA,NA,NA,NA,NA,NA,NA,NA,NA,NA,NA,NA,NA,NA,NA,NA,NA,NA,NA,NA,NA,NA,NA,NA,NA,NA,NA,NA,NA,NA,NA,NA,NA,NA,NA,NA,NA,NA,NA,NA,NA,NA,NA,NA,NA,NA,NA,NA,NA,NA,NA,NA,NA,NA,NA
28-Jul-20,Munuscong,TY5,W1,typha,46.20651476,-84.25422808,12:40,12.67,25,19,2,99,95,23.4,0.89,7.51,-23.5,8,0.820712903,0.325413223,3,0.443306691,0.2176,25,38.56636079,1986.161357,18,0.5,0.04,0.88,0,0,0.08,2.5,1,18.5,0,NA,NA,NA,NA,NA,NA,NA,NA,22,NA,1,2,NA,NA,NA,NA,NA,NA,NA,NA,NA,NA,NA,NA,NA,NA,NA,NA,NA,NA,NA,NA,NA,NA,NA,NA,NA,NA,NA,NA,NA,NA,NA,NA,NA,NA,NA,NA,NA,NA,0.5,NA,0.5,NA,NA,NA,NA,NA,NA,NA,NA,NA,NA,NA,NA,0.5,0.5,NA,0.5,NA,1,NA,NA,w,NA,NA,NA,NA,NA,NA,NA,NA,NA,NA,NA,NA,NA,NA,NA,NA,NA,NA,NA,NA,NA,NA,NA,NA,NA,NA,NA,NA,NA,NA,NA,NA,NA,NA,NA,NA,NA,NA,NA,1,NA,NA,NA,NA,NA,NA,NA,1,2,NA,1,NA,2,1,NA,1,1,3,NA,1,2,2,1,NA,NA,NA,NA,NA,NA,NA,NA,NA,NA,NA,NA
29-Jul-20,Munuscong,TY6,W1,typha,46.204991,-84.244068,14:58,14.97,15,48,3,90,135,23.7,4.63,7.42,49.8,8,0.686997209,0.285789152,7,1.809514256,0.816326531,14,8.178366223,15587.58965,45,0.5,0.357142857,0.214285714,0,0,0.428571429,2,6.5,45,0,NA,NA,NA,NA,NA,NA,NA,NA,1,1,3,2,2,NA,NA,NA,4,NA,NA,NA,NA,NA,1,NA,NA,NA,NA,NA,NA,NA,NA,NA,NA,NA,NA,NA,NA,NA,NA,NA,NA,NA,NA,NA,NA,NA,NA,NA,3,NA,NA,NA,0.5,0.5,NA,NA,NA,NA,NA,NA,NA,0.5,NA,NA,NA,NA,NA,NA,0.5,NA,3,NA,NA,h,NA,NA,NA,NA,NA,NA,NA,NA,NA,NA,NA,NA,NA,NA,NA,NA,NA,NA,NA,NA,NA,NA,NA,NA,NA,NA,NA,NA,NA,NA,NA,NA,NA,NA,NA,NA,NA,NA,NA,NA,NA,NA,NA,NA,NA,NA,NA,NA,1,NA,1,NA,NA,NA,NA,2,NA,NA,1,NA,NA,NA,1,2,2,3,4,5,2,2,2,NA,NA,NA,NA
8-Sep-20,Munuscong,TY6,W2,typha,46.204991,-84.244068,15:20,15.33,NA,30,10,90,100,15.6,3.15,7.55,37.5,8,0.736764761,0.295834262,3,0.600166073,0.314049587,11,5.778803836,0,28,0,0,0.090909091,0,0.090909091,0.818181818,2,3.5,28,0,NA,NA,NA,NA,NA,NA,NA,NA,NA,NA,NA,NA,1,NA,NA,NA,9,NA,NA,NA,NA,NA,NA,NA,NA,NA,NA,NA,NA,NA,NA,NA,NA,NA,NA,NA,NA,1,NA,NA,NA,NA,NA,1,NA,NA,NA,NA,2,NA,NA,NA,0.5,0.5,NA,NA,NA,NA,NA,NA,NA,NA,0.5,NA,NA,NA,0.5,NA,0.5,NA,NA,NA,NA,NA,NA,NA,NA,NA,NA,NA,NA,NA,NA,NA,NA,NA,NA,NA,NA,NA,NA,NA,NA,NA,NA,NA,NA,NA,NA,NA,NA,NA,NA,NA,NA,NA,NA,NA,NA,NA,NA,NA,NA,NA,NA,NA,NA,NA,NA,NA,NA,NA,NA,NA,NA,NA,NA,NA,NA,NA,NA,NA,NA,NA,NA,NA,NA,NA,NA,NA,NA,NA,NA,NA,NA,NA,NA,NA,NA
10-Sep-20,Munuscong,TY7,W2,typha,46.206688,-84.254256,13:43,13.72,NA,28,8,90,80,14.9,3.32,7.4,45.7,5,0.632044538,0.293888889,10,1.228308087,0.622835527,137,102.703418,0,25,0,0.430656934,0.452554745,0.01459854,0,0.102189781,4.5,0.5,25,0,NA,NA,NA,NA,NA,NA,NA,NA,62,1,56,NA,NA,NA,1,NA,9,NA,NA,NA,2,NA,NA,NA,NA,1,NA,1,NA,NA,3,NA,1,NA,NA,NA,NA,NA,NA,NA,NA,NA,NA,NA,NA,NA,NA,NA,NA,NA,NA,NA,3,NA,NA,NA,NA,NA,NA,NA,NA,NA,NA,NA,NA,NA,1,NA,0.5,NA,0.5,NA,NA,NA,NA,NA,NA,NA,NA,NA,NA,NA,NA,NA,NA,NA,NA,NA,NA,NA,NA,NA,NA,NA,NA,NA,NA,NA,NA,NA,NA,NA,NA,NA,NA,NA,NA,NA,NA,NA,NA,NA,NA,NA,NA,NA,NA,NA,NA,NA,NA,NA,NA,NA,NA,NA,NA,NA,NA,NA,NA,NA,NA,NA,NA,NA,NA,NA,NA,NA,NA,NA,NA,NA,NA,NA,NA,NA,NA
28-Jul-20,Munuscong,TY7,W1,typha,46.206688,-84.254256,13:12,13.2,15,25,6,99,80,23.6,2.29,7.53,-13.9,9,1.043623006,0.440236686,3,0.681088644,0.411386593,66,16.4740518,5350.476136,24,0,0.242424242,0.727272727,0,0.03030303,0,3.5,3.5,24.5,1,NA,NA,NA,NA,NA,NA,NA,NA,48,NA,16,NA,NA,NA,NA,NA,NA,NA,NA,NA,NA,NA,NA,NA,NA,NA,NA,NA,NA,NA,NA,NA,NA,NA,NA,NA,NA,NA,2,NA,NA,NA,NA,NA,NA,0.5,NA,0.5,NA,NA,0.5,NA,2,NA,NA,NA,NA,NA,NA,NA,NA,NA,NA,NA,NA,NA,0.5,NA,1,0.5,3,NA,NA,w,NA,NA,NA,NA,NA,NA,NA,NA,NA,NA,NA,NA,NA,NA,NA,NA,NA,NA,NA,NA,NA,NA,NA,NA,NA,NA,1,NA,NA,NA,NA,NA,NA,NA,NA,NA,NA,NA,NA,NA,NA,NA,NA,1,1,NA,NA,NA,NA,NA,NA,NA,NA,1,NA,NA,NA,NA,NA,2,2,1,3,2,5,5,NA,NA,1,1,NA,NA,NA,NA,NA
29-Jul-20,Munuscong,TY8,W1,typha,46.205474,-84.245923,13:49,13.82,21,16,2,99,120,23.1,2,7.36,56.1,5,0.525304011,0.21799308,7,1.778233306,0.804733728,13,6.587091851,7088.303008,15,0,0.615384615,0.307692308,0,0,0.076923077,1.5,0.5,15,0,NA,NA,NA,1,NA,NA,NA,NA,3,1,4,1,1,NA,NA,NA,NA,NA,NA,NA,NA,NA,2,NA,NA,NA,NA,NA,NA,NA,NA,NA,NA,NA,NA,NA,NA,NA,NA,NA,NA,NA,NA,NA,NA,NA,NA,NA,0.5,NA,NA,NA,NA,0.5,NA,NA,NA,NA,NA,NA,NA,NA,NA,NA,NA,NA,0.5,NA,0.5,NA,NA,NA,NA,h,NA,NA,NA,NA,NA,NA,NA,NA,NA,NA,NA,NA,NA,NA,NA,NA,NA,NA,NA,NA,NA,NA,NA,NA,NA,NA,NA,NA,NA,NA,NA,NA,NA,NA,NA,NA,NA,NA,NA,NA,NA,NA,NA,NA,NA,NA,NA,NA,NA,NA,NA,NA,NA,NA,NA,NA,1,NA,NA,NA,2,1,2,1,2,2,2,2,NA,NA,NA,NA,NA,NA,NA
9-Sep-20,Munuscong,TY8,W2,typha,46.205474,-84.245923,13:31,13.52,NA,23,3,99,125,14.8,1.49,7.37,70.6,4,0.307501987,0.122227252,6,1.497866137,0.7,10,15.64621714,0,22,0,0.1,0.2,0.1,0.1,0.5,1,0.5,22,0,NA,NA,NA,NA,NA,NA,NA,NA,1,NA,1,NA,1,NA,NA,NA,5,NA,NA,NA,1,NA,NA,NA,NA,NA,NA,NA,NA,NA,NA,NA,NA,NA,NA,NA,NA,1,NA,NA,NA,NA,NA,NA,NA,NA,NA,NA,0.5,NA,NA,NA,NA,NA,NA,NA,NA,NA,NA,NA,NA,NA,NA,NA,NA,NA,0.5,NA,0.5,NA,NA,NA,NA,NA,NA,NA,NA,NA,NA,NA,NA,NA,NA,NA,NA,NA,NA,NA,NA,NA,NA,NA,NA,NA,NA,NA,NA,NA,NA,NA,NA,NA,NA,NA,NA,NA,NA,NA,NA,NA,NA,NA,NA,NA,NA,NA,NA,NA,NA,NA,NA,NA,NA,NA,NA,NA,NA,NA,NA,NA,NA,NA,NA,NA,NA,NA,NA,NA,NA,NA,NA,NA,NA,NA,NA,NA,NA,NA,NA
27-Jul-20,Munuscong,TYHY1,W1,tyhyd,46.206004,-84.245339,12:57,12.95,20,45,3,99,96,24,5.19,7.91,-53.2,6,1.321287188,0.681191467,11,2.191433911,0.869684499,27,59.22949631,5065.798989,30,10,0.333333333,0.185185185,0.037037037,0.037037037,0.407407407,32,0,30,0,NA,NA,NA,NA,NA,NA,NA,NA,1,3,4,3,4,NA,NA,NA,6,1,NA,NA,1,NA,2,NA,NA,NA,NA,NA,NA,NA,NA,NA,1,NA,NA,NA,NA,1,NA,NA,NA,NA,NA,NA,NA,NA,NA,NA,NA,NA,NA,NA,0.5,0.5,NA,NA,NA,NA,NA,NA,NA,NA,NA,NA,NA,NA,12,NA,9,NA,NA,NA,NA,h,NA,NA,NA,NA,NA,NA,NA,NA,NA,NA,NA,NA,NA,NA,NA,NA,NA,NA,NA,NA,NA,NA,NA,NA,NA,NA,NA,NA,NA,NA,NA,NA,NA,NA,NA,NA,NA,NA,NA,NA,NA,NA,NA,NA,NA,NA,NA,2,NA,NA,NA,NA,NA,NA,NA,NA,2,NA,NA,2,2,NA,1,1,2,NA,1,NA,NA,1,NA,NA,NA,NA,NA
9-Sep-20,Munuscong,TYHY1,W2,tyhyd,46.206004,-84.245339,14:30,14.5,NA,45,3,99,92,14.5,1.53,7.68,48.9,4,1.16828245,0.64,6,1.216202809,0.588888889,30,22.64088579,0,25,15,0,0.7,0,0,0.3,25,0,25,0,NA,NA,NA,NA,NA,NA,NA,NA,2,NA,NA,NA,18,NA,NA,NA,6,NA,1,NA,NA,1,NA,NA,NA,NA,NA,NA,NA,NA,2,NA,NA,NA,NA,NA,NA,NA,NA,NA,NA,NA,NA,NA,NA,NA,NA,NA,NA,NA,NA,NA,NA,NA,NA,NA,NA,NA,NA,NA,NA,NA,NA,NA,NA,NA,5,NA,5,NA,NA,NA,NA,NA,NA,NA,NA,NA,NA,NA,NA,NA,NA,NA,NA,NA,NA,NA,NA,NA,NA,NA,NA,NA,NA,NA,NA,NA,NA,NA,NA,NA,NA,NA,NA,NA,NA,NA,NA,NA,NA,NA,NA,NA,NA,NA,NA,NA,NA,NA,NA,NA,NA,NA,NA,NA,NA,NA,NA,NA,NA,NA,NA,NA,NA,NA,NA,NA,NA,NA,NA,NA,NA,NA,NA,NA,NA,NA,NA
29-Jul-20,Munuscong,TYHY2,W1,tyhyd,46.206699,-84.247903,13:06,13.1,18,40,3,99,109,22.8,1.8,7.27,28.1,6,1.230351399,0.670762182,6,1.550558983,0.743801653,22,6.030740195,3955.155417,20,17,0,0.363636364,0,0.090909091,0.545454545,28,0,21,0,NA,NA,NA,NA,NA,NA,NA,NA,5,NA,NA,1,3,NA,NA,NA,9,NA,NA,NA,NA,NA,NA,NA,NA,NA,NA,NA,2,NA,NA,NA,NA,NA,NA,NA,NA,NA,2,NA,NA,NA,NA,NA,NA,NA,NA,NA,NA,NA,1,NA,0.5,NA,NA,NA,NA,NA,NA,NA,NA,NA,NA,NA,NA,NA,0.5,NA,10,NA,NA,NA,NA,w,NA,NA,NA,NA,NA,NA,NA,NA,NA,NA,NA,NA,NA,NA,NA,NA,NA,NA,NA,NA,NA,NA,NA,NA,NA,NA,NA,NA,NA,NA,NA,NA,NA,NA,NA,NA,NA,NA,NA,NA,1,NA,NA,NA,1,NA,NA,NA,1,NA,NA,1,NA,NA,1,1,NA,NA,NA,NA,1,1,2,NA,4,2,1,2,1,NA,NA,NA,NA,NA,NA
9-Sep-20,Munuscong,TYHY2,W2,tyhyd,46.206699,-84.247903,12:48,12.8,NA,80,5,99,96,14.2,1.33,7.48,59.6,5,1.099490431,0.632906569,7,1.443546879,0.674297607,31,61.07811805,0,22,18,0.129032258,0.612903226,0,0,0.258064516,58.5,0,22.5,0,NA,NA,NA,NA,NA,NA,NA,NA,3,NA,3,NA,16,NA,NA,NA,6,1,NA,NA,NA,NA,1,NA,NA,NA,NA,NA,NA,NA,NA,NA,1,NA,NA,NA,NA,NA,NA,NA,NA,NA,NA,NA,NA,NA,NA,NA,NA,NA,0.5,NA,0.5,NA,NA,NA,NA,NA,NA,NA,NA,NA,NA,NA,NA,NA,NA,NA,40,NA,NA,NA,NA,NA,NA,NA,NA,NA,NA,NA,NA,NA,NA,NA,NA,NA,NA,NA,NA,NA,NA,NA,NA,NA,NA,NA,NA,NA,NA,NA,NA,NA,NA,NA,NA,NA,NA,NA,NA,NA,NA,NA,NA,NA,NA,NA,NA,NA,NA,NA,NA,NA,NA,NA,NA,NA,NA,NA,NA,NA,NA,NA,NA,NA,NA,NA,NA,NA,NA,NA,NA,NA,NA,NA,NA,NA,NA,NA,NA
27-Jul-20,Munuscong,TYHY3,W1,tyhyd,46.2055092,-84.25146077,14:50,14.83,36,50,40,99,101,25.2,4.16,7.51,-16.3,6,0.985234041,0.559043852,7,1.163119151,0.511020408,35,38.72396479,4038.94747,30,20,0.114285714,0.742857143,0,0.085714286,0.057142857,24.5,0,30,0,NA,NA,NA,NA,NA,NA,NA,NA,24,NA,3,NA,2,NA,NA,NA,NA,NA,NA,NA,NA,2,NA,NA,NA,NA,NA,NA,NA,NA,NA,NA,NA,NA,NA,NA,NA,2,1,NA,NA,1,NA,NA,NA,NA,NA,NA,NA,NA,NA,NA,0.5,NA,NA,NA,NA,NA,NA,NA,NA,NA,NA,NA,NA,0.5,0.5,NA,3,NA,NA,NA,NA,h,NA,NA,NA,NA,NA,NA,NA,NA,NA,NA,NA,NA,NA,NA,NA,NA,NA,NA,NA,NA,NA,NA,NA,NA,NA,NA,NA,NA,NA,NA,NA,NA,NA,NA,NA,NA,NA,NA,NA,NA,NA,NA,1,NA,NA,1,NA,NA,NA,1,NA,NA,NA,NA,1,NA,NA,3,NA,1,1,2,3,1,NA,NA,NA,NA,NA,NA,NA,NA,NA,NA,NA
9-Sep-20,Munuscong,TYHY3,W2,tyhyd,46.2055092,-84.25146077,11:40,11.67,NA,40,15,99,92,14,1.12,7.21,1.2,7,1.006711823,0.566252028,10,1.6130369,0.733055886,58,350.8442203,0,20,20,0.034482759,0.517241379,0,0,0.448275862,23,0,20,0,NA,1,1,NA,NA,NA,NA,NA,23,1,1,NA,7,NA,NA,NA,17,1,NA,NA,NA,NA,NA,NA,5,1,NA,NA,NA,NA,NA,NA,NA,NA,NA,NA,NA,NA,NA,NA,NA,NA,NA,NA,NA,NA,NA,NA,NA,NA,NA,NA,0.5,0.5,NA,NA,NA,NA,NA,NA,NA,NA,NA,NA,NA,0.5,0.5,NA,1,NA,NA,NA,NA,NA,NA,NA,NA,NA,NA,NA,NA,NA,NA,NA,NA,NA,NA,NA,NA,NA,NA,NA,NA,NA,NA,NA,NA,NA,NA,NA,NA,NA,NA,NA,NA,NA,NA,NA,NA,NA,NA,NA,NA,NA,NA,NA,NA,NA,NA,NA,NA,NA,NA,NA,NA,NA,NA,NA,NA,NA,NA,NA,NA,NA,NA,NA,NA,NA,NA,NA,NA,NA,NA,NA,NA,NA,NA,NA,NA
28-Jul-20,Munuscong,TYHY4,W1,tyhyd,46.20504307,-84.25397368,15:37,15.62,25,35,7,99,110,22.9,1.68,7.36,-3.2,3,0.724442498,0.481650466,8,0.916107384,0.400086505,68,442.9275889,3338.99674,22,13,0.161764706,0.764705882,0,0.029411765,0.044117647,13.5,0,22,0,NA,1,NA,NA,NA,NA,NA,NA,52,NA,7,NA,NA,NA,NA,NA,1,NA,NA,NA,NA,NA,4,NA,NA,NA,NA,NA,NA,NA,NA,NA,NA,NA,NA,NA,NA,1,1,NA,NA,NA,1,NA,NA,NA,NA,NA,NA,NA,NA,NA,NA,0.5,NA,NA,NA,NA,NA,NA,NA,NA,NA,NA,NA,NA,NA,NA,NA,NA,NA,NA,NA,w,NA,NA,NA,NA,NA,NA,NA,NA,NA,NA,NA,NA,NA,NA,NA,NA,NA,NA,NA,NA,NA,NA,NA,NA,NA,NA,NA,NA,NA,NA,NA,NA,NA,NA,NA,NA,NA,NA,NA,NA,NA,1,NA,NA,2,NA,NA,NA,1,NA,NA,1,3,NA,NA,NA,1,2,NA,NA,1,3,3,1,1,2,1,NA,NA,NA,NA,NA,NA,NA,NA
11-Sep-20,Munuscong,TYHY4,W2,tyhyd,46.20504307,-84.25397368,9:44,9.73,NA,25,7,99,92,12.5,0.42,7.39,41.3,2,0.519579839,0.336734694,7,0.45879451,0.171900826,110,80.92791979,0,22,6,0.036363636,0.909090909,0.009090909,0,0.045454545,6,0,22,0,NA,NA,NA,NA,NA,NA,NA,NA,100,NA,3,NA,NA,NA,NA,NA,2,NA,NA,NA,1,NA,1,NA,NA,2,NA,NA,NA,NA,1,NA,NA,NA,NA,NA,NA,NA,NA,NA,NA,NA,NA,NA,NA,NA,NA,NA,NA,NA,NA,NA,NA,NA,NA,NA,NA,NA,NA,NA,NA,NA,NA,NA,NA,NA,NA,NA,NA,NA,NA,NA,NA,NA,NA,NA,NA,NA,NA,NA,NA,NA,NA,NA,NA,NA,NA,NA,NA,NA,NA,NA,NA,NA,NA,NA,NA,NA,NA,NA,NA,NA,NA,NA,NA,NA,NA,NA,NA,NA,NA,NA,NA,NA,NA,NA,NA,NA,NA,NA,NA,NA,NA,NA,NA,NA,NA,NA,NA,NA,NA,NA,NA,NA,NA,NA,NA,NA,NA,NA,NA,NA,NA,NA,NA,NA,NA,NA,NA
29-Jul-20,Munuscong,TYHY5,W1,tyhyd,46.20591909,-84.24987874,15:48,15.8,25,45,10,99,95,22.5,5.33,7.7,-34.2,6,1.069952061,0.593489893,10,1.938616491,0.80788897,37,40.10239756,9875.469084,27,25,0.378378378,0.297297297,0,0.081081081,0.243243243,31,0,27,0,NA,NA,NA,NA,NA,NA,NA,NA,2,1,13,NA,7,NA,NA,NA,3,NA,NA,NA,NA,4,NA,1,NA,NA,2,NA,NA,NA,1,NA,NA,NA,NA,NA,NA,NA,3,NA,NA,NA,NA,NA,NA,NA,NA,NA,NA,NA,NA,NA,0.5,NA,NA,NA,NA,NA,NA,NA,NA,NA,NA,NA,NA,0.5,3,NA,2,NA,NA,NA,NA,w,NA,NA,NA,NA,NA,NA,NA,NA,NA,NA,NA,NA,NA,NA,NA,NA,NA,NA,NA,NA,NA,NA,NA,NA,NA,NA,NA,NA,NA,NA,NA,NA,NA,NA,NA,NA,NA,NA,NA,NA,NA,NA,NA,NA,NA,NA,NA,NA,NA,NA,NA,NA,NA,NA,NA,NA,NA,NA,NA,1,2,1,NA,1,NA,NA,1,1,6,4,4,1,NA,1,2
9-Sep-20,Munuscong,TYHY5,W2,tyhyd,46.20591909,-84.24987874,15:16,15.27,NA,55,8,99,89,14.1,1.26,7.65,34.6,6,1.227959528,0.655883789,7,1.610012437,0.726643599,17,26.83247052,0,30,20,0.235294118,0.117647059,0,0,0.647058824,34,0,30,0,NA,NA,NA,NA,NA,NA,NA,NA,1,2,2,NA,1,NA,NA,NA,8,NA,NA,NA,NA,NA,NA,NA,NA,1,NA,NA,NA,NA,2,NA,NA,NA,NA,NA,NA,NA,NA,NA,NA,NA,NA,NA,NA,NA,NA,NA,NA,NA,NA,NA,0.5,NA,NA,NA,NA,NA,NA,NA,NA,NA,NA,NA,NA,0.5,3,NA,10,NA,NA,NA,NA,NA,NA,NA,NA,NA,NA,NA,NA,NA,NA,NA,NA,NA,NA,NA,NA,NA,NA,NA,NA,NA,NA,NA,NA,NA,NA,NA,NA,NA,NA,NA,NA,NA,NA,NA,NA,NA,NA,NA,NA,NA,NA,NA,NA,NA,NA,NA,NA,NA,NA,NA,NA,NA,NA,NA,NA,NA,NA,NA,NA,NA,NA,NA,NA,NA,NA,NA,NA,NA,NA,NA,NA,NA,NA,NA,NA
27-Jul-20,Munuscong,TYHY6,W1,tyhyd,46.20492411,-84.25434518,15:23,15.37,15,45,6,99,100,26.6,3.94,7.6,-2.1,2,0.686961577,0.49382716,7,0.761938276,0.31526336,51,14.0723991,4566.01339,25,20,0.019607843,0.823529412,0.039215686,0.019607843,0.098039216,20,0,25,0,NA,NA,NA,NA,NA,NA,NA,NA,42,NA,NA,NA,NA,NA,NA,NA,3,NA,NA,NA,2,1,1,NA,NA,NA,NA,NA,NA,NA,1,NA,NA,NA,NA,NA,NA,NA,1,NA,NA,NA,NA,NA,NA,NA,NA,NA,NA,NA,NA,NA,NA,NA,NA,NA,NA,NA,NA,NA,NA,NA,NA,NA,NA,NA,NA,NA,NA,NA,NA,NA,NA,h,NA,NA,NA,NA,NA,NA,NA,NA,NA,NA,NA,NA,NA,NA,NA,NA,NA,NA,NA,NA,NA,NA,NA,NA,NA,NA,NA,NA,NA,NA,NA,NA,NA,NA,NA,NA,NA,NA,NA,NA,NA,NA,1,NA,NA,NA,NA,NA,2,NA,NA,NA,NA,1,NA,NA,3,NA,NA,1,NA,1,NA,NA,2,2,NA,NA,NA,1,NA,NA,NA,NA,NA
11-Sep-20,Munuscong,TYHY6,W2,tyhyd,46.20492411,-84.25434518,10:10,10.17,NA,24,8,99,80,12.8,0.47,7.2,46.5,2,0.552664622,0.366230678,5,0.285505503,0.107079869,126,65.94424679,0,22,7,0.015873016,0.944444444,0.007936508,0,0.031746032,7,0,22,0,NA,NA,NA,NA,NA,NA,NA,NA,119,NA,2,NA,NA,NA,NA,NA,3,NA,NA,NA,1,NA,NA,NA,1,NA,NA,NA,NA,NA,NA,NA,NA,NA,NA,NA,NA,NA,NA,NA,NA,NA,NA,NA,NA,NA,NA,NA,NA,NA,NA,NA,NA,NA,NA,NA,NA,NA,NA,NA,NA,NA,NA,NA,NA,NA,NA,NA,NA,NA,NA,NA,NA,NA,NA,NA,NA,NA,NA,NA,NA,NA,NA,NA,NA,NA,NA,NA,NA,NA,NA,NA,NA,NA,NA,NA,NA,NA,NA,NA,NA,NA,NA,NA,NA,NA,NA,NA,NA,NA,NA,NA,NA,NA,NA,NA,NA,NA,NA,NA,NA,NA,NA,NA,NA,NA,NA,NA,NA,NA,NA,NA,NA,NA,NA,NA,NA,NA,NA,NA,NA,NA,NA,NA,NA,NA,NA,NA,NA
27-Jul-20,Munuscong,TYHY7,W1,tyhyd,46.20543055,-84.25437898,15:47,15.78,25,40,5,99,95,23.8,0.56,7.13,-58.9,6,1.00033839,0.548484483,8,0.492335247,0.179058172,95,42.24398651,4712.219572,27,14,0.052631579,0.905263158,0.010526316,0.010526316,0.021052632,15.5,3,27,0,NA,NA,NA,NA,NA,NA,NA,NA,86,NA,2,1,NA,NA,1,NA,1,NA,NA,NA,1,NA,2,NA,NA,NA,NA,NA,NA,NA,NA,NA,NA,NA,NA,NA,NA,1,NA,NA,NA,NA,NA,NA,NA,NA,NA,NA,NA,NA,NA,NA,0.5,NA,NA,NA,NA,NA,NA,NA,NA,NA,NA,NA,NA,0.5,NA,NA,0.5,NA,3,NA,NA,h,NA,NA,NA,NA,NA,NA,NA,NA,NA,NA,NA,NA,NA,NA,NA,NA,NA,NA,NA,NA,NA,NA,NA,NA,NA,NA,NA,NA,NA,NA,NA,NA,NA,NA,NA,NA,NA,NA,NA,NA,NA,NA,NA,NA,NA,NA,NA,NA,NA,NA,NA,1,NA,NA,NA,NA,NA,6,4,NA,2,2,2,NA,NA,NA,NA,NA,NA,NA,NA,NA,NA,NA,NA
11-Sep-20,Munuscong,TYHY7,W2,tyhyd,46.20543055,-84.25437898,10:40,10.67,NA,27,10,99,81,12.9,0.38,7.19,60.7,5,0.869430003,0.493512111,8,1.035082332,0.449483497,63,51.31769557,0,22,10,0.079365079,0.746031746,0,0,0.174603175,11,1,22,0,NA,NA,NA,NA,NA,NA,NA,NA,46,NA,3,NA,1,1,NA,NA,7,NA,NA,NA,NA,NA,1,NA,2,2,NA,NA,NA,NA,NA,NA,NA,NA,NA,NA,NA,NA,NA,NA,NA,NA,NA,NA,NA,NA,NA,NA,NA,NA,NA,NA,0.5,NA,NA,NA,NA,NA,NA,NA,NA,NA,NA,NA,NA,NA,NA,NA,0.5,NA,1,NA,NA,NA,NA,NA,NA,NA,NA,NA,NA,NA,NA,NA,NA,NA,NA,NA,NA,NA,NA,NA,NA,NA,NA,NA,NA,NA,NA,NA,NA,NA,NA,NA,NA,NA,NA,NA,NA,NA,NA,NA,NA,NA,NA,NA,NA,NA,NA,NA,NA,NA,NA,NA,NA,NA,NA,NA,NA,NA,NA,NA,NA,NA,NA,NA,NA,NA,NA,NA,NA,NA,NA,NA,NA,NA,NA,NA,NA
27-Jul-20,Munuscong,TYHY8,W1,tyhyd,46.20544468,-84.25111071,14:15,14.25,20,90,11,99,102,25.5,3.89,8.01,16.9,6,0.616128813,0.310697115,7,1.161213281,0.527210884,42,27.9783558,3378.402576,15,85,0,0.714285714,0,0,0.285714286,89,0,15,0,NA,NA,2,NA,NA,1,NA,NA,28,NA,NA,NA,2,NA,NA,NA,6,NA,NA,NA,NA,NA,NA,NA,NA,NA,NA,NA,2,NA,NA,NA,1,NA,NA,NA,NA,NA,NA,NA,NA,NA,NA,NA,NA,NA,NA,NA,NA,NA,NA,NA,0.5,0.5,NA,NA,NA,NA,NA,NA,NA,NA,NA,NA,NA,NA,1,NA,2,NA,NA,NA,NA,w,NA,NA,NA,NA,NA,NA,NA,NA,NA,NA,NA,NA,NA,NA,NA,NA,NA,NA,NA,NA,NA,NA,NA,NA,NA,NA,NA,NA,NA,NA,NA,NA,NA,NA,NA,NA,NA,NA,NA,NA,NA,NA,NA,NA,NA,1,NA,NA,NA,NA,NA,NA,NA,1,NA,1,1,NA,NA,2,1,1,2,1,2,1,1,1,NA,1,NA,NA,NA,NA,NA
9-Sep-20,Munuscong,TYHY8,W2,tyhyd,46.20544468,-84.25111071,11:00,11,NA,85,10,99,92,13.9,0.81,7.24,12.4,7,0.767803357,0.379724671,9,1.518610508,0.698408304,85,146.4081083,0,15,70,0.058823529,0.682352941,0,0,0.258823529,76,0,15,0,NA,NA,NA,NA,NA,NA,NA,NA,41,1,3,NA,17,NA,NA,NA,12,2,NA,NA,NA,NA,1,NA,NA,NA,NA,NA,NA,NA,7,NA,1,NA,NA,NA,NA,NA,NA,NA,NA,NA,NA,NA,NA,NA,NA,NA,NA,NA,NA,NA,1,0.5,NA,NA,NA,NA,NA,NA,NA,NA,NA,NA,NA,0.5,1,NA,3,NA,NA,NA,NA,NA,NA,NA,NA,NA,NA,NA,NA,NA,NA,NA,NA,NA,NA,NA,NA,NA,NA,NA,NA,NA,NA,NA,NA,NA,NA,NA,NA,NA,NA,NA,NA,NA,NA,NA,NA,NA,NA,NA,NA,NA,NA,NA,NA,NA,NA,NA,NA,NA,NA,NA,NA,NA,NA,NA,NA,NA,NA,NA,NA,NA,NA,NA,NA,NA,NA,NA,NA,NA,NA,NA,NA,NA,NA,NA,NA